id,学校,性別,身長
0,小,男,106.8756808
1,小,男,159.6865008
2,小,男,110.6769798
3,小,男,113.8345455
4,小,男,130.4828132
5,小,男,127.5695088
6,小,男,136.9358232
7,小,男,112.7784721
8,小,男,64.01164833
9,小,男,116.4015801
10,小,男,135.4921771
11,小,男,136.1132172
12,小,男,148.8378311
13,小,男,93.57574443
14,小,男,87.95238721
15,小,男,98.84534723
16,小,男,73.25055128
17,小,男,129.7379449
18,小,男,118.8816489
19,小,男,130.3749347
20,小,男,125.0411948
21,小,男,105.6820146
22,小,男,113.7047141
23,小,男,164.5731363
24,小,男,138.0769436
25,小,男,114.5431759
26,小,男,130.259752
27,小,男,113.0058258
28,小,男,127.5652242
29,小,男,131.1191563
30,小,男,110.6584875
31,小,男,152.5862355
32,小,男,148.6233328
33,小,男,120.4919708
34,小,男,82.61621948
35,小,男,103.4631773
36,小,男,124.2746827
37,小,男,90.75930846
38,小,男,99.642364
39,小,男,103.5565708
40,小,男,114.4913988
41,小,男,116.3982035
42,小,男,131.1417503
43,小,男,119.6811585
44,小,男,121.9220975
45,小,男,71.2644008
46,小,男,130.9453804
47,小,男,128.2037184
48,小,男,148.9891241
49,小,男,94.98601241
50,小,男,120.3863066
51,小,男,114.6776291
52,小,男,103.9402093
53,小,男,150.5399761
54,小,男,156.329506
55,小,男,63.86343889
56,小,男,121.6010134
57,小,男,118.5589255
58,小,男,107.4955046
59,小,男,137.9395572
60,小,男,82.50280491
61,小,男,111.569613
62,小,男,113.816572
63,小,男,135.8149281
64,小,男,108.1616616
65,小,男,73.42723408
66,小,男,153.5290458
67,小,男,107.702849
68,小,男,84.7414244
69,小,男,124.2573153
70,小,男,141.1233703
71,小,男,138.0911979
72,小,男,107.6884345
73,小,男,50.60661763
74,小,男,126.6629539
75,小,男,100.8549333
76,小,男,141.5678329
77,小,男,30.2895884
78,小,男,123.5521487
79,小,男,147.7365213
80,小,男,89.46476138
81,小,男,164.7542641
82,小,男,107.6516808
83,小,男,94.51092467
84,小,男,144.1138492
85,小,男,90.70750545
86,小,男,83.25738278
87,小,男,82.65973907
88,小,男,98.42402356
89,小,男,113.7825098
90,小,男,99.4148148
91,小,男,123.2909077
92,小,男,191.1859883
93,小,男,176.6956259
94,小,男,117.9552989
95,小,男,106.5674621
96,小,男,139.3400339
97,小,男,78.74763061
98,小,男,121.6539128
99,小,男,135.089319
100,小,男,120.112193
101,小,男,159.454587
102,小,男,131.1035611
103,小,男,139.6478514
104,小,男,121.4230825
105,小,男,176.7032522
106,小,男,70.07344208
107,小,男,115.5235758
108,小,男,96.10846501
109,小,男,153.4556653
110,小,男,52.05347301
111,小,男,104.7586963
112,小,男,126.518851
113,小,男,101.8245609
114,小,男,96.70040733
115,小,男,117.1080145
116,小,男,82.79320996
117,小,男,137.160847
118,小,男,103.8855398
119,小,男,69.41320498
120,小,男,95.81461345
121,小,男,103.8209281
122,小,男,103.0018768
123,小,男,130.8927172
124,小,男,94.88429903
125,小,男,91.55178321
126,小,男,135.5334057
127,小,男,68.4161303
128,小,男,128.0370089
129,小,男,79.33536377
130,小,男,133.4408753
131,小,男,147.0978092
132,小,男,140.4448945
133,小,男,80.77939796
134,小,男,132.8031376
135,小,男,109.5192072
136,小,男,116.9525532
137,小,男,124.656276
138,小,男,149.4140169
139,小,男,186.3215042
140,小,男,155.6240324
141,小,男,100.5267327
142,小,男,140.8232576
143,小,男,132.0345311
144,小,男,169.2591655
145,小,男,151.9954919
146,小,男,127.4735766
147,小,男,103.0053694
148,小,男,138.3388441
149,小,男,121.9430475
150,小,男,103.0942012
151,小,男,108.4023931
152,小,男,121.6108911
153,小,男,109.4695558
154,小,男,123.0543749
155,小,男,150.2154838
156,小,男,123.8705654
157,小,男,127.1063459
158,小,男,103.7349929
159,小,男,112.3776172
160,小,男,142.8073841
161,小,男,79.64474519
162,小,男,105.3649944
163,小,男,90.85762129
164,小,男,105.1145262
165,小,男,139.2215855
166,小,男,97.40254844
167,小,男,100.1810217
168,小,男,101.001582
169,小,男,81.4815084
170,小,男,158.2141338
171,小,男,132.9114725
172,小,男,140.9735224
173,小,男,153.7286306
174,小,男,127.5950105
175,小,男,92.51121937
176,小,男,109.5501297
177,小,男,111.9316455
178,小,男,154.6594124
179,小,男,102.0509907
180,小,男,140.1987529
181,小,男,113.1054367
182,小,男,94.68287221
183,小,男,115.4846642
184,小,男,125.8945089
185,小,男,49.0149007
186,小,男,132.2899733
187,小,男,131.236727
188,小,男,125.7568223
189,小,男,168.2804106
190,小,男,159.1436248
191,小,男,151.0543627
192,小,男,139.8724512
193,小,男,152.305198
194,小,男,124.1883918
195,小,男,155.6126255
196,小,男,84.53265634
197,小,男,96.45501397
198,小,男,122.8343653
199,小,男,109.8525999
200,小,男,108.05204
201,小,男,101.8993454
202,小,男,93.01590105
203,小,男,185.8605095
204,小,男,102.645859
205,小,男,183.6116275
206,小,男,96.80014293
207,小,男,132.8912598
208,小,男,141.8713298
209,小,男,135.0482957
210,小,男,126.281173
211,小,男,132.9182479
212,小,男,109.1288594
213,小,男,121.0523471
214,小,男,112.9566678
215,小,男,101.9342779
216,小,男,93.17660714
217,小,男,149.6167791
218,小,男,119.7764539
219,小,男,106.9282003
220,小,男,138.1954847
221,小,男,70.9509951
222,小,男,164.2468108
223,小,男,164.1366232
224,小,男,133.0744379
225,小,男,98.19168406
226,小,男,125.886925
227,小,男,198.6733008
228,小,男,174.1538521
229,小,男,120.1020115
230,小,男,110.6183856
231,小,男,128.3368178
232,小,男,133.0207872
233,小,男,140.3895144
234,小,男,113.5940302
235,小,男,139.1404249
236,小,男,83.304443
237,小,男,158.7378311
238,小,男,98.24407147
239,小,男,178.8019526
240,小,男,149.1471412
241,小,男,146.6373811
242,小,男,126.737188
243,小,男,121.5472958
244,小,男,123.5676903
245,小,男,132.163842
246,小,男,179.7983484
247,小,男,139.0733556
248,小,男,143.5339147
249,小,男,75.85792154
250,小,男,76.78590008
251,小,男,108.8244307
252,小,男,108.7013662
253,小,男,190.6449024
254,小,男,159.2098722
255,小,男,206.8757728
256,小,男,127.2876284
257,小,男,117.5497621
258,小,男,82.17432578
259,小,男,159.2841623
260,小,男,160.0736054
261,小,男,102.6731968
262,小,男,128.6703791
263,小,男,154.0124833
264,小,男,121.0318814
265,小,男,130.797544
266,小,男,74.32560427
267,小,男,108.5711885
268,小,男,93.86070322
269,小,男,94.97644553
270,小,男,94.87608903
271,小,男,83.47120517
272,小,男,139.9793086
273,小,男,117.8779089
274,小,男,104.8355311
275,小,男,128.3906024
276,小,男,124.9452884
277,小,男,145.839807
278,小,男,123.1125791
279,小,男,91.4654822
280,小,男,156.2187048
281,小,男,154.9944417
282,小,男,100.7220117
283,小,男,75.71353304
284,小,男,160.7773578
285,小,男,141.1487005
286,小,男,126.1692147
287,小,男,132.6999645
288,小,男,147.7038643
289,小,男,99.6194398
290,小,男,104.3786261
291,小,男,123.2063774
292,小,男,99.99454755
293,小,男,185.8833785
294,小,男,130.6614982
295,小,男,115.9270038
296,小,男,149.4758343
297,小,男,136.8338416
298,小,男,115.6882113
299,小,男,156.148332
300,小,男,137.5946596
301,小,男,155.4511905
302,小,男,100.4364269
303,小,男,138.8853009
304,小,男,132.0908277
305,小,男,153.5318157
306,小,男,101.2377019
307,小,男,143.3760199
308,小,男,101.0925832
309,小,男,160.7288291
310,小,男,145.7988206
311,小,男,202.0847119
312,小,男,167.5509127
313,小,男,147.7558323
314,小,男,141.972017
315,小,男,147.8616678
316,小,男,167.8515451
317,小,男,125.2795343
318,小,男,154.2591717
319,小,男,125.2903463
320,小,男,114.3014718
321,小,男,71.02675304
322,小,男,132.5192167
323,小,男,88.07950951
324,小,男,210.579721
325,小,男,163.1784167
326,小,男,137.2917649
327,小,男,140.5724041
328,小,男,82.81582238
329,小,男,190.0030673
330,小,男,136.6584406
331,小,男,174.3408144
332,小,男,167.5725205
333,小,男,139.920955
334,小,男,181.6842448
335,小,男,137.7943328
336,小,男,171.1186959
337,小,男,167.4304749
338,小,男,131.804315
339,小,男,131.4571069
340,小,男,136.5057306
341,小,男,144.0406769
342,小,男,82.34664217
343,小,男,142.5787675
344,小,男,193.0033653
345,小,男,133.6429254
346,小,男,193.017379
347,小,男,147.7097072
348,小,男,79.29646929
349,小,男,123.2663364
350,小,男,124.3106469
351,小,男,96.49869155
352,小,男,96.72478084
353,小,男,146.5661628
354,小,男,102.5136232
355,小,男,194.0090738
356,小,男,143.8175389
357,小,男,184.316888
358,小,男,126.8960334
359,小,男,91.53036018
360,小,男,114.2485494
361,小,男,153.7167122
362,小,男,105.8276725
363,小,男,131.4186188
364,小,男,156.9005897
365,小,男,174.6906529
366,小,男,75.49121443
367,小,男,147.8582552
368,小,男,141.4091027
369,小,男,168.7225405
370,小,男,139.9748516
371,小,男,128.5323047
372,小,男,144.3396576
373,小,男,123.8479692
374,小,男,123.3264534
375,小,男,107.8191922
376,小,男,144.4726266
377,小,男,131.2679789
378,小,男,136.0370597
379,小,男,137.2386391
380,小,男,151.1130495
381,小,男,123.8273139
382,小,男,127.6812927
383,小,男,151.7538325
384,小,男,163.4607092
385,小,男,88.27374988
386,小,男,162.0795271
387,小,男,117.1302852
388,小,男,168.2064769
389,小,男,124.9772469
390,小,男,170.5559056
391,小,男,117.0054744
392,小,男,107.2884798
393,小,男,46.9643998
394,小,男,104.9155117
395,小,男,109.8134173
396,小,男,111.4781428
397,小,男,228.8638746
398,小,男,166.2111949
399,小,男,134.8420966
400,小,男,67.56034257
401,小,男,197.4904201
402,小,男,118.7952207
403,小,男,125.2828236
404,小,男,133.4637978
405,小,男,139.6427488
406,小,男,50.96412406
407,小,男,133.3799518
408,小,男,149.0512987
409,小,男,106.0040711
410,小,男,170.7816124
411,小,男,145.6136609
412,小,男,127.51712
413,小,男,129.604571
414,小,男,122.4440788
415,小,男,158.141411
416,小,男,105.7804991
417,小,男,199.6154683
418,小,男,150.3619839
419,小,男,74.22505157
420,小,男,164.9997904
421,小,男,173.6325732
422,小,男,77.69181445
423,小,男,138.6375782
424,小,男,150.3146623
425,小,男,210.693501
426,小,男,147.6994608
427,小,男,149.6536018
428,小,男,75.08610846
429,小,男,168.0347163
430,小,男,106.6383306
431,小,男,171.594816
432,小,男,158.4411786
433,小,男,188.1878758
434,小,男,104.6392478
435,小,男,183.2346666
436,小,男,116.5659205
437,小,男,184.6985297
438,小,男,70.98526291
439,小,男,142.1955958
440,小,男,104.2646622
441,小,男,78.87850356
442,小,男,157.9756764
443,小,男,42.71992451
444,小,男,138.8702227
445,小,男,199.0624242
446,小,男,114.9525294
447,小,男,163.3613565
448,小,男,142.308923
449,小,男,175.4002604
450,小,男,148.5604977
451,小,男,128.3818203
452,小,男,153.6893753
453,小,男,130.4238526
454,小,男,155.7401105
455,小,男,107.8771663
456,小,男,128.6925535
457,小,男,113.5286221
458,小,男,114.0206363
459,小,男,158.7124617
460,小,男,126.1706297
461,小,男,139.6695988
462,小,男,174.2013046
463,小,男,223.0067357
464,小,男,127.7238904
465,小,男,127.5005707
466,小,男,103.0878498
467,小,男,173.9172245
468,小,男,126.3318674
469,小,男,59.53075074
470,小,男,197.7489383
471,小,男,162.6010283
472,小,男,89.16802561
473,小,男,192.5495801
474,小,男,184.5309453
475,小,男,150.8572557
476,小,男,139.8868432
477,小,男,172.5568141
478,小,男,226.7948545
479,小,男,170.4617443
480,小,男,131.375501
481,小,男,116.8746891
482,小,男,168.2849256
483,小,男,166.4246676
484,小,男,138.2388357
485,小,男,174.2202612
486,小,男,182.7847768
487,小,男,119.0084867
488,小,男,119.344796
489,小,男,126.0858671
490,小,男,130.210108
491,小,男,235.2461045
492,小,男,167.6420398
493,小,男,193.413005
494,小,男,71.46031061
495,小,男,199.9801532
496,小,男,164.3987433
497,小,男,159.525714
498,小,男,126.2353577
499,小,男,130.7879732
500,小,男,220.2899292
501,小,男,242.5462334
502,小,男,146.0589338
503,小,男,132.3577586
504,小,男,151.5590628
505,小,男,153.6292712
506,小,男,224.7327026
507,小,男,98.29833534
508,小,男,152.3844246
509,小,男,100.5416829
510,小,男,73.02719604
511,小,男,139.0143011
512,小,男,151.6545829
513,小,男,176.1236153
514,小,男,83.77239671
515,小,男,202.184822
516,小,男,139.9333991
517,小,男,105.7088043
518,小,男,170.2593566
519,小,男,199.1192251
520,小,男,207.3654001
521,小,男,137.8983901
522,小,男,204.2715111
523,小,男,115.1409399
524,小,男,241.530976
525,小,男,134.4342808
526,小,男,92.87361524
527,小,男,152.3584977
528,小,男,148.1321539
529,小,男,76.80702762
530,小,男,117.9519151
531,小,男,130.7128798
532,小,男,184.1195804
533,小,男,237.9862809
534,小,男,146.5337598
535,小,男,168.2667996
536,小,男,121.1706901
537,小,男,65.67452882
538,小,男,184.3107396
539,小,男,141.7248271
540,小,男,121.9566451
541,小,男,159.8199465
542,小,男,207.8719452
543,小,男,187.8462314
544,小,男,172.9972942
545,小,男,111.9297714
546,小,男,131.2023846
547,小,男,210.2383128
548,小,男,109.6280787
549,小,男,196.2900304
550,小,男,89.27783724
551,小,男,95.13097405
552,小,男,120.798484
553,小,男,43.01429688
554,小,男,65.75661264
555,小,男,103.3822416
556,小,男,147.9650942
557,小,男,181.4871137
558,小,男,108.6894239
559,小,男,186.1884591
560,小,男,215.0960304
561,小,男,125.8079972
562,小,男,119.3097796
563,小,男,89.42416318
564,小,男,130.8503267
565,小,男,100.3881127
566,小,男,199.1941795
567,小,男,213.1920869
568,小,男,117.4462337
569,小,男,149.7592577
570,小,男,137.7953347
571,小,男,156.082875
572,小,男,87.96113744
573,小,男,171.4146732
574,小,男,142.3370801
575,小,男,105.639863
576,小,男,207.2658019
577,小,男,159.7222667
578,小,男,128.9301101
579,小,男,161.1966732
580,小,男,121.3914247
581,小,男,160.5438516
582,小,男,239.3685705
583,小,男,188.2001326
584,小,男,118.149987
585,小,男,110.2362577
586,小,男,135.7069568
587,小,男,73.41861028
588,小,男,98.53181727
589,小,男,115.0713895
590,小,男,155.409196
591,小,男,182.8515623
592,小,男,252.6323028
593,小,男,217.8124806
594,小,男,196.6187256
595,小,男,122.8607161
596,小,男,59.9710239
597,小,男,219.4401404
598,小,男,169.8922625
599,小,男,233.3558989
600,中,男,152.2769888
601,中,男,240.6225895
602,中,男,117.4803276
603,中,男,172.1300344
604,中,男,18.94805411
605,中,男,253.8277038
606,中,男,202.5320379
607,中,男,111.0325738
608,中,男,187.9118749
609,中,男,171.5907278
610,中,男,143.2315755
611,中,男,192.352155
612,中,男,111.6827396
613,中,男,147.9050014
614,中,男,182.1392427
615,中,男,62.71405229
616,中,男,97.87482451
617,中,男,59.45951763
618,中,男,102.576346
619,中,男,205.9559483
620,中,男,217.9059776
621,中,男,70.86942921
622,中,男,181.8961588
623,中,男,123.2037459
624,中,男,219.3092179
625,中,男,117.786905
626,中,男,165.2674462
627,中,男,87.17144149
628,中,男,152.4649748
629,中,男,21.96361725
630,中,男,241.3651718
631,中,男,122.8286248
632,中,男,135.3598225
633,中,男,154.9970692
634,中,男,212.6154161
635,中,男,90.48512839
636,中,男,154.7664575
637,中,男,173.130384
638,中,男,170.4250737
639,中,男,97.66962121
640,中,男,142.5507026
641,中,男,134.7888613
642,中,男,167.6402416
643,中,男,215.8264858
644,中,男,169.7753968
645,中,男,162.092496
646,中,男,120.1283845
647,中,男,285.6967509
648,中,男,196.0617862
649,中,男,177.6731031
650,中,男,141.7662798
651,中,男,113.1675642
652,中,男,126.31411
653,中,男,87.89555379
654,中,男,150.8217667
655,中,男,87.46568551
656,中,男,184.9695446
657,中,男,229.9139722
658,中,男,188.8805676
659,中,男,258.1908198
660,中,男,170.6142245
661,中,男,163.6517933
662,中,男,196.7452627
663,中,男,100.3084842
664,中,男,241.2405088
665,中,男,132.9498029
666,中,男,197.1315131
667,中,男,31.27939158
668,中,男,230.5278789
669,中,男,62.66814599
670,中,男,99.91474071
671,中,男,41.13504893
672,中,男,187.9586474
673,中,男,89.0054828
674,中,男,139.581108
675,中,男,83.99988887
676,中,男,122.189153
677,中,男,150.5429991
678,中,男,219.4694907
679,中,男,128.1433778
680,中,男,171.6061083
681,中,男,177.8433656
682,中,男,163.3986127
683,中,男,140.6476611
684,中,男,221.2317852
685,中,男,144.1812658
686,中,男,35.87000499
687,中,男,118.9370261
688,中,男,103.5210062
689,中,男,168.7459302
690,中,男,63.85700139
691,中,男,195.4095761
692,中,男,267.8321575
693,中,男,101.5062853
694,中,男,120.2727829
695,中,男,70.60222493
696,中,男,102.4445749
697,中,男,97.21820306
698,中,男,142.8268583
699,中,男,128.6292444
700,中,男,161.3795518
701,中,男,96.03193749
702,中,男,109.4234241
703,中,男,81.16217256
704,中,男,176.3269971
705,中,男,237.9893415
706,中,男,153.1921928
707,中,男,134.8554661
708,中,男,178.0651648
709,中,男,100.9349872
710,中,男,168.958244
711,中,男,108.2006844
712,中,男,108.4719231
713,中,男,172.7512531
714,中,男,204.9762479
715,中,男,63.93319619
716,中,男,134.1181096
717,中,男,184.124172
718,中,男,218.2075858
719,中,男,121.3369037
720,中,男,78.78840499
721,中,男,97.36895292
722,中,男,177.5378316
723,中,男,235.7434348
724,中,男,146.2678108
725,中,男,186.6040156
726,中,男,191.5876908
727,中,男,138.9054203
728,中,男,146.333078
729,中,男,248.3175527
730,中,男,156.4851553
731,中,男,244.5642516
732,中,男,114.8024534
733,中,男,206.5003786
734,中,男,179.8787689
735,中,男,202.2290125
736,中,男,212.443218
737,中,男,243.047401
738,中,男,230.1281026
739,中,男,137.3143798
740,中,男,144.6998576
741,中,男,203.316208
742,中,男,204.5613071
743,中,男,218.1581679
744,中,男,223.3543378
745,中,男,288.3203998
746,中,男,147.8775068
747,中,男,209.2511701
748,中,男,165.9889985
749,中,男,221.5694066
750,中,男,138.2845682
751,中,男,247.0484704
752,中,男,79.93202937
753,中,男,254.0325061
754,中,男,169.5142609
755,中,男,151.4671095
756,中,男,108.7347645
757,中,男,254.5695218
758,中,男,89.9914366
759,中,男,142.2571352
760,中,男,196.8864636
761,中,男,104.1196398
762,中,男,207.6498808
763,中,男,185.8855107
764,中,男,172.6468714
765,中,男,145.549245
766,中,男,208.0805133
767,中,男,-1.736569512
768,中,男,134.9403931
769,中,男,240.9235065
770,中,男,102.2530521
771,中,男,168.6793336
772,中,男,78.57630495
773,中,男,89.56998091
774,中,男,177.6053308
775,中,男,194.259231
776,中,男,139.2686601
777,中,男,294.0473399
778,中,男,121.0599792
779,中,男,93.22143304
780,中,男,91.65643962
781,中,男,61.1652867
782,中,男,103.9323982
783,中,男,105.4974137
784,中,男,236.2739919
785,中,男,110.7820771
786,中,男,150.5411645
787,中,男,68.65839649
788,中,男,109.2815092
789,中,男,156.3468852
790,中,男,126.7501281
791,中,男,151.8376064
792,中,男,55.74008432
793,中,男,201.4118657
794,中,男,175.9237086
795,中,男,172.9068841
796,中,男,111.6873926
797,中,男,165.744102
798,中,男,210.4166269
799,中,男,134.7997723
800,中,男,157.8374434
801,中,男,141.8244631
802,中,男,185.0026066
803,中,男,191.8076817
804,中,男,58.96445112
805,中,男,221.0865357
806,中,男,154.0820745
807,中,男,175.3356127
808,中,男,164.4596531
809,中,男,50.47640234
810,中,男,184.3181445
811,中,男,201.8851601
812,中,男,92.90573176
813,中,男,163.1775641
814,中,男,149.2652409
815,中,男,151.2507053
816,中,男,185.4716416
817,中,男,136.7003846
818,中,男,194.3138808
819,中,男,93.81153196
820,中,男,129.0313817
821,中,男,172.0792715
822,中,男,191.4902046
823,中,男,171.1650606
824,中,男,182.81876
825,中,男,233.4727537
826,中,男,174.9121242
827,中,男,303.2578047
828,中,男,156.3186639
829,中,男,176.8386956
830,中,男,101.1337743
831,中,男,180.7949858
832,中,男,241.852067
833,中,男,130.8857677
834,中,男,233.0617991
835,中,男,221.245207
836,中,男,203.6060169
837,中,男,173.4222524
838,中,男,137.9495168
839,中,男,163.992767
840,中,男,146.4235512
841,中,男,159.7057484
842,中,男,208.0860606
843,中,男,274.4407801
844,中,男,211.6974946
845,中,男,153.9932934
846,中,男,258.257747
847,中,男,241.4314716
848,中,男,115.3382761
849,中,男,215.6483978
850,中,男,175.9952911
851,中,男,176.684917
852,中,男,234.4687773
853,中,男,182.7793927
854,中,男,138.8773725
855,中,男,192.9382311
856,中,男,172.8776627
857,中,男,183.3638107
858,中,男,143.0640077
859,中,男,169.3760717
860,中,男,191.4736038
861,中,男,132.8874421
862,中,男,168.156966
863,中,男,180.3181256
864,中,男,121.9437863
865,中,男,179.3729246
866,中,男,201.2378173
867,中,男,204.1550061
868,中,男,125.1822656
869,中,男,139.2775469
870,中,男,131.4822903
871,中,男,184.0026765
872,中,男,198.0490856
873,中,男,144.759723
874,中,男,138.4678495
875,中,男,164.0366897
876,中,男,166.0575049
877,中,男,163.8166894
878,中,男,193.0098649
879,中,男,170.9472203
880,中,男,194.6506992
881,中,男,172.0162432
882,中,男,157.5969223
883,中,男,116.3260576
884,中,男,230.6804359
885,中,男,173.1160832
886,中,男,224.5713636
887,中,男,183.055903
888,中,男,162.4337805
889,中,男,163.1600659
890,中,男,141.3420978
891,中,男,132.893278
892,中,男,143.8669614
893,中,男,182.8232249
894,中,男,120.5655297
895,中,男,153.4915258
896,中,男,123.9872609
897,中,男,200.6960645
898,中,男,138.4206152
899,中,男,161.8630894
900,高,男,171.3351579
901,高,男,176.8660092
902,高,男,209.9293338
903,高,男,96.65740212
904,高,男,163.4600563
905,高,男,165.9579041
906,高,男,177.18949
907,高,男,216.5556269
908,高,男,204.8945402
909,高,男,176.4430667
910,高,男,146.6160012
911,高,男,182.8255853
912,高,男,93.53879933
913,高,男,221.2198292
914,高,男,145.5777666
915,高,男,201.3436325
916,高,男,190.9677946
917,高,男,163.9668162
918,高,男,195.8356833
919,高,男,205.5989633
920,高,男,146.0579211
921,高,男,112.0250448
922,高,男,138.4180085
923,高,男,162.1452041
924,高,男,147.1911602
925,高,男,168.2875517
926,高,男,135.4813121
927,高,男,139.2243909
928,高,男,130.7791986
929,高,男,196.9880162
930,高,男,163.5580172
931,高,男,170.060542
932,高,男,209.2445612
933,高,男,182.3112058
934,高,男,174.1940548
935,高,男,117.0726821
936,高,男,96.23600579
937,高,男,181.3561426
938,高,男,194.5149457
939,高,男,176.1776837
940,高,男,134.2782807
941,高,男,242.1135893
942,高,男,219.5425905
943,高,男,176.2072014
944,高,男,176.7880474
945,高,男,190.591439
946,高,男,122.3955874
947,高,男,206.6145286
948,高,男,82.85329151
949,高,男,112.407132
950,高,男,152.6248116
951,高,男,210.2308175
952,高,男,130.7223207
953,高,男,149.2016976
954,高,男,210.7218672
955,高,男,173.8877806
956,高,男,197.9246595
957,高,男,167.8341921
958,高,男,136.7378121
959,高,男,198.9848368
960,高,男,170.4815577
961,高,男,159.9929566
962,高,男,158.6380711
963,高,男,138.1338541
964,高,男,224.1159015
965,高,男,152.0727134
966,高,男,219.2532107
967,高,男,174.5132819
968,高,男,191.170068
969,高,男,162.4802429
970,高,男,179.1933284
971,高,男,222.5096268
972,高,男,214.8247032
973,高,男,246.3303617
974,高,男,187.1067857
975,高,男,229.2958098
976,高,男,220.8296197
977,高,男,164.9465936
978,高,男,168.6016216
979,高,男,165.9391729
980,高,男,167.6896809
981,高,男,142.6232977
982,高,男,110.2861272
983,高,男,129.9894553
984,高,男,120.1700347
985,高,男,179.983149
986,高,男,179.5055
987,高,男,191.554663
988,高,男,126.7441614
989,高,男,127.5411128
990,高,男,185.3130831
991,高,男,130.037751
992,高,男,218.6967036
993,高,男,151.4687405
994,高,男,163.2260966
995,高,男,176.1704286
996,高,男,143.456891
997,高,男,220.3021437
998,高,男,209.0485974
999,高,男,173.8608139
1000,高,男,170.554176
1001,高,男,204.4697401
1002,高,男,164.3052312
1003,高,男,131.2659301
1004,高,男,200.5023141
1005,高,男,110.8494374
1006,高,男,120.164939
1007,高,男,266.1959967
1008,高,男,211.1862237
1009,高,男,109.3433687
1010,高,男,169.9225172
1011,高,男,145.8334609
1012,高,男,201.2372177
1013,高,男,172.2610975
1014,高,男,123.2581363
1015,高,男,174.1271913
1016,高,男,205.1604537
1017,高,男,196.2984578
1018,高,男,139.3711689
1019,高,男,194.7313349
1020,高,男,175.3524251
1021,高,男,241.9231564
1022,高,男,145.2569102
1023,高,男,194.3314141
1024,高,男,101.2703348
1025,高,男,165.4574938
1026,高,男,172.0748276
1027,高,男,144.9223884
1028,高,男,157.4216329
1029,高,男,145.0685602
1030,高,男,169.0795557
1031,高,男,150.5415142
1032,高,男,128.4772594
1033,高,男,182.7780814
1034,高,男,230.5754232
1035,高,男,203.8996653
1036,高,男,163.9612887
1037,高,男,183.8438233
1038,高,男,147.849563
1039,高,男,221.4945159
1040,高,男,161.7570512
1041,高,男,143.744063
1042,高,男,136.8143891
1043,高,男,147.9257214
1044,高,男,156.058387
1045,高,男,125.953336
1046,高,男,203.6782294
1047,高,男,163.0527029
1048,高,男,164.916126
1049,高,男,206.743116
1050,高,男,162.9232857
1051,高,男,182.5659962
1052,高,男,162.793183
1053,高,男,156.7101948
1054,高,男,186.3016489
1055,高,男,223.3648779
1056,高,男,208.7200474
1057,高,男,120.8101532
1058,高,男,159.0084759
1059,高,男,250.4381779
1060,高,男,203.6819727
1061,高,男,182.4738186
1062,高,男,220.2476557
1063,高,男,159.7284444
1064,高,男,193.1281167
1065,高,男,178.9274804
1066,高,男,148.3803617
1067,高,男,137.315203
1068,高,男,148.7651313
1069,高,男,196.8335715
1070,高,男,205.8222861
1071,高,男,124.3284888
1072,高,男,195.3615316
1073,高,男,170.3020505
1074,高,男,206.7512834
1075,高,男,146.3642437
1076,高,男,130.7432036
1077,高,男,204.1081996
1078,高,男,145.372249
1079,高,男,164.6491382
1080,高,男,139.3390128
1081,高,男,168.6109743
1082,高,男,195.0342906
1083,高,男,216.0573636
1084,高,男,216.2123389
1085,高,男,175.321408
1086,高,男,197.6199378
1087,高,男,184.5716773
1088,高,男,163.5646596
1089,高,男,147.6189725
1090,高,男,208.3477186
1091,高,男,136.092401
1092,高,男,140.7995607
1093,高,男,218.8122153
1094,高,男,130.4132067
1095,高,男,188.4643649
1096,高,男,186.5636484
1097,高,男,223.5316299
1098,高,男,227.873274
1099,高,男,171.2669279
1100,高,男,111.0391988
1101,高,男,228.4112666
1102,高,男,206.6181559
1103,高,男,175.4929726
1104,高,男,88.37803596
1105,高,男,166.1962423
1106,高,男,171.6388906
1107,高,男,170.0599005
1108,高,男,182.4175582
1109,高,男,127.6660109
1110,高,男,180.3068967
1111,高,男,172.2781846
1112,高,男,153.6968463
1113,高,男,124.80436
1114,高,男,169.2490194
1115,高,男,151.2599447
1116,高,男,185.5509793
1117,高,男,149.5368188
1118,高,男,158.798617
1119,高,男,168.0639915
1120,高,男,132.8649915
1121,高,男,169.9182147
1122,高,男,171.5072925
1123,高,男,177.3976036
1124,高,男,175.9323507
1125,高,男,141.9207917
1126,高,男,148.3466483
1127,高,男,202.4616513
1128,高,男,191.222127
1129,高,男,142.7946704
1130,高,男,151.1950858
1131,高,男,147.5431457
1132,高,男,208.7239626
1133,高,男,152.937331
1134,高,男,209.1181866
1135,高,男,122.3257414
1136,高,男,182.1228909
1137,高,男,138.7641376
1138,高,男,190.6813435
1139,高,男,116.1157842
1140,高,男,118.1275671
1141,高,男,172.6383559
1142,高,男,183.9341613
1143,高,男,89.86005317
1144,高,男,196.7193619
1145,高,男,166.2455942
1146,高,男,233.4440125
1147,高,男,139.2413723
1148,高,男,176.1637012
1149,高,男,163.5208481
1150,高,男,159.644424
1151,高,男,198.9740076
1152,高,男,166.8882311
1153,高,男,186.8621877
1154,高,男,218.2883558
1155,高,男,156.2888571
1156,高,男,146.935956
1157,高,男,202.5616634
1158,高,男,145.5550462
1159,高,男,170.9643937
1160,高,男,160.2031508
1161,高,男,161.6651278
1162,高,男,165.5271896
1163,高,男,144.3102522
1164,高,男,151.2742654
1165,高,男,198.3543154
1166,高,男,181.4273533
1167,高,男,155.7043378
1168,高,男,240.079495
1169,高,男,158.9539291
1170,高,男,96.01281219
1171,高,男,168.0325307
1172,高,男,129.0601169
1173,高,男,197.2380915
1174,高,男,201.8094288
1175,高,男,159.4338639
1176,高,男,174.666221
1177,高,男,183.0530715
1178,高,男,175.6225129
1179,高,男,170.5981077
1180,高,男,187.3306118
1181,高,男,149.0113987
1182,高,男,85.41522078
1183,高,男,222.097701
1184,高,男,101.1870209
1185,高,男,121.1218137
1186,高,男,178.7220638
1187,高,男,209.7348163
1188,高,男,169.9939127
1189,高,男,141.7303047
1190,高,男,163.814435
1191,高,男,183.3740436
1192,高,男,160.2566878
1193,高,男,164.5300829
1194,高,男,121.4080154
1195,高,男,103.7628068
1196,高,男,227.7683661
1197,高,男,111.8043847
1198,高,男,171.1113755
1199,高,男,211.6768291
1200,小,女,126.5688326
1201,小,女,115.3505678
1202,小,女,124.2336416
1203,小,女,75.86107551
1204,小,女,81.63279157
1205,小,女,138.6811579
1206,小,女,118.5975742
1207,小,女,133.8271615
1208,小,女,92.38176769
1209,小,女,87.4289728
1210,小,女,115.2902707
1211,小,女,122.2920955
1212,小,女,134.2641759
1213,小,女,89.18974217
1214,小,女,107.3438706
1215,小,女,103.2172794
1216,小,女,78.13871035
1217,小,女,126.1513537
1218,小,女,105.8831501
1219,小,女,152.5755065
1220,小,女,112.4584232
1221,小,女,109.4518067
1222,小,女,138.4866035
1223,小,女,135.5921455
1224,小,女,71.18542108
1225,小,女,146.4217561
1226,小,女,126.0188478
1227,小,女,139.214341
1228,小,女,96.77143975
1229,小,女,134.2962489
1230,小,女,99.26176423
1231,小,女,130.7357978
1232,小,女,121.8097496
1233,小,女,136.316486
1234,小,女,181.1862369
1235,小,女,115.6703116
1236,小,女,91.25993803
1237,小,女,72.98408615
1238,小,女,114.6859606
1239,小,女,117.2944975
1240,小,女,102.8439808
1241,小,女,67.37344856
1242,小,女,156.1827543
1243,小,女,161.1007424
1244,小,女,95.4687469
1245,小,女,99.82741253
1246,小,女,97.39086406
1247,小,女,105.7047395
1248,小,女,133.2249366
1249,小,女,98.04996456
1250,小,女,90.79337167
1251,小,女,100.3605782
1252,小,女,166.1589337
1253,小,女,126.4514542
1254,小,女,117.0145978
1255,小,女,108.5650415
1256,小,女,69.94023509
1257,小,女,120.784196
1258,小,女,69.84547639
1259,小,女,119.9889629
1260,小,女,109.4300325
1261,小,女,100.8399444
1262,小,女,99.79894587
1263,小,女,124.562052
1264,小,女,110.8786682
1265,小,女,110.9704525
1266,小,女,149.3222133
1267,小,女,80.46056107
1268,小,女,86.89250079
1269,小,女,71.06326508
1270,小,女,112.991607
1271,小,女,99.60361043
1272,小,女,161.6227131
1273,小,女,143.1718405
1274,小,女,153.4706913
1275,小,女,98.37493841
1276,小,女,103.5947405
1277,小,女,72.33909071
1278,小,女,128.9520825
1279,小,女,55.30216985
1280,小,女,93.74380317
1281,小,女,72.50023903
1282,小,女,116.6075453
1283,小,女,130.0709764
1284,小,女,104.2876836
1285,小,女,134.4921607
1286,小,女,76.20577232
1287,小,女,129.1601429
1288,小,女,117.4211031
1289,小,女,142.8923819
1290,小,女,119.9905307
1291,小,女,95.26942104
1292,小,女,84.26939182
1293,小,女,111.1519308
1294,小,女,79.04054999
1295,小,女,108.6307261
1296,小,女,88.31256748
1297,小,女,46.53970659
1298,小,女,132.9059731
1299,小,女,126.8555457
1300,小,女,141.8358584
1301,小,女,132.5954469
1302,小,女,156.4851023
1303,小,女,139.9313868
1304,小,女,95.02859604
1305,小,女,114.0205189
1306,小,女,100.926706
1307,小,女,119.8574769
1308,小,女,90.69264131
1309,小,女,141.0685205
1310,小,女,133.3183977
1311,小,女,141.1658082
1312,小,女,118.6793821
1313,小,女,99.76137079
1314,小,女,119.5036958
1315,小,女,111.4905749
1316,小,女,155.8273514
1317,小,女,115.6494837
1318,小,女,106.567122
1319,小,女,95.50584695
1320,小,女,89.01586823
1321,小,女,104.4589753
1322,小,女,83.67283988
1323,小,女,94.37972899
1324,小,女,161.7445592
1325,小,女,127.8203287
1326,小,女,135.6233066
1327,小,女,114.5348639
1328,小,女,113.361251
1329,小,女,63.69598471
1330,小,女,128.0037848
1331,小,女,142.0033665
1332,小,女,97.32530224
1333,小,女,129.7578721
1334,小,女,76.69210892
1335,小,女,118.6771126
1336,小,女,127.6370269
1337,小,女,162.9641578
1338,小,女,104.6665499
1339,小,女,122.1386039
1340,小,女,127.1383368
1341,小,女,144.5354761
1342,小,女,149.4621162
1343,小,女,153.045316
1344,小,女,98.1439351
1345,小,女,141.2353418
1346,小,女,147.6101551
1347,小,女,114.7906551
1348,小,女,130.4860495
1349,小,女,140.7299955
1350,小,女,166.9543985
1351,小,女,145.8944179
1352,小,女,114.5139354
1353,小,女,61.04049596
1354,小,女,133.293401
1355,小,女,111.969457
1356,小,女,101.5022371
1357,小,女,179.1571073
1358,小,女,143.4264139
1359,小,女,128.2204049
1360,小,女,145.4489859
1361,小,女,74.46585642
1362,小,女,116.8436268
1363,小,女,159.4042986
1364,小,女,146.1755527
1365,小,女,128.6221793
1366,小,女,125.6085938
1367,小,女,126.2036306
1368,小,女,117.928227
1369,小,女,113.1912332
1370,小,女,117.1960065
1371,小,女,95.84028709
1372,小,女,79.80385967
1373,小,女,129.8715802
1374,小,女,122.0753668
1375,小,女,101.8995024
1376,小,女,155.2233979
1377,小,女,160.0207015
1378,小,女,133.9540121
1379,小,女,109.7617667
1380,小,女,87.13119521
1381,小,女,158.8620203
1382,小,女,103.0078068
1383,小,女,149.8516224
1384,小,女,159.5066996
1385,小,女,102.3821815
1386,小,女,150.7826007
1387,小,女,89.84194383
1388,小,女,127.4407632
1389,小,女,148.6681442
1390,小,女,155.8847869
1391,小,女,101.0793274
1392,小,女,117.4829103
1393,小,女,88.9412727
1394,小,女,77.64580473
1395,小,女,135.6350213
1396,小,女,167.9696899
1397,小,女,106.7794264
1398,小,女,122.4210321
1399,小,女,54.08112429
1400,小,女,127.2789149
1401,小,女,120.7338486
1402,小,女,164.5059533
1403,小,女,113.7297561
1404,小,女,92.13440775
1405,小,女,195.0202914
1406,小,女,146.7686803
1407,小,女,101.4527516
1408,小,女,141.7875234
1409,小,女,124.2730482
1410,小,女,130.9999754
1411,小,女,116.5099793
1412,小,女,154.3325182
1413,小,女,167.9279326
1414,小,女,111.2067863
1415,小,女,143.7283066
1416,小,女,120.4527599
1417,小,女,117.7332548
1418,小,女,150.0842806
1419,小,女,132.1008571
1420,小,女,121.3329104
1421,小,女,117.670483
1422,小,女,144.997961
1423,小,女,114.7693897
1424,小,女,110.368069
1425,小,女,79.7232364
1426,小,女,95.07746041
1427,小,女,145.7244679
1428,小,女,85.80145585
1429,小,女,131.0213418
1430,小,女,124.4909555
1431,小,女,120.6141931
1432,小,女,147.4415109
1433,小,女,141.9163697
1434,小,女,83.19471016
1435,小,女,141.2373846
1436,小,女,93.08076219
1437,小,女,135.9751517
1438,小,女,86.66253807
1439,小,女,165.48723
1440,小,女,160.5858769
1441,小,女,133.3686178
1442,小,女,80.52292671
1443,小,女,147.7604925
1444,小,女,119.0182611
1445,小,女,121.3045212
1446,小,女,114.0732743
1447,小,女,135.6270188
1448,小,女,159.2115152
1449,小,女,115.9680796
1450,小,女,126.4267108
1451,小,女,105.0467918
1452,小,女,95.33567185
1453,小,女,148.2677674
1454,小,女,130.2965361
1455,小,女,169.493751
1456,小,女,121.7767197
1457,小,女,157.4550061
1458,小,女,173.3807875
1459,小,女,141.8729396
1460,小,女,135.4628971
1461,小,女,117.2264095
1462,小,女,107.4546036
1463,小,女,120.8820034
1464,小,女,143.6937091
1465,小,女,140.0480774
1466,小,女,126.423922
1467,小,女,101.7357533
1468,小,女,92.83555128
1469,小,女,124.1682676
1470,小,女,172.649464
1471,小,女,125.5998046
1472,小,女,117.4098694
1473,小,女,141.032637
1474,小,女,138.6720674
1475,小,女,103.6455974
1476,小,女,143.0952705
1477,小,女,75.56030818
1478,小,女,172.9147461
1479,小,女,135.3269866
1480,小,女,112.7010046
1481,小,女,120.8970546
1482,小,女,138.7143267
1483,小,女,111.4841741
1484,小,女,98.8851613
1485,小,女,124.8780399
1486,小,女,129.3748886
1487,小,女,179.1132203
1488,小,女,161.4684828
1489,小,女,116.2645602
1490,小,女,123.1944685
1491,小,女,199.9887935
1492,小,女,127.5129834
1493,小,女,78.89114502
1494,小,女,122.1689238
1495,小,女,129.9604331
1496,小,女,115.9987008
1497,小,女,140.0261644
1498,小,女,139.2726018
1499,小,女,151.567531
1500,小,女,164.2313298
1501,小,女,94.84726438
1502,小,女,73.29895273
1503,小,女,109.4733228
1504,小,女,111.1832694
1505,小,女,107.8463392
1506,小,女,194.2229395
1507,小,女,152.4777644
1508,小,女,137.0269653
1509,小,女,89.7745355
1510,小,女,155.271714
1511,小,女,140.9037697
1512,小,女,22.81257061
1513,小,女,139.5719084
1514,小,女,163.6637162
1515,小,女,95.92709994
1516,小,女,168.3067206
1517,小,女,133.1507855
1518,小,女,180.6616931
1519,小,女,122.719106
1520,小,女,91.15812643
1521,小,女,183.3570344
1522,小,女,68.61069997
1523,小,女,78.1090561
1524,小,女,90.26548439
1525,小,女,263.0455449
1526,小,女,144.281877
1527,小,女,123.0872039
1528,小,女,135.5620885
1529,小,女,115.9617598
1530,小,女,176.8001773
1531,小,女,121.3637813
1532,小,女,134.5987179
1533,小,女,69.20621235
1534,小,女,145.7711006
1535,小,女,133.8071157
1536,小,女,172.8184357
1537,小,女,132.8042836
1538,小,女,138.5670751
1539,小,女,47.50586576
1540,小,女,110.3414498
1541,小,女,88.03725423
1542,小,女,118.471045
1543,小,女,133.1524893
1544,小,女,78.35825135
1545,小,女,128.3910371
1546,小,女,155.1380966
1547,小,女,128.5431273
1548,小,女,115.748035
1549,小,女,118.540021
1550,小,女,174.0685513
1551,小,女,187.4465495
1552,小,女,164.6777
1553,小,女,153.8260575
1554,小,女,67.48966202
1555,小,女,89.51025779
1556,小,女,135.1302191
1557,小,女,79.36694912
1558,小,女,141.0449179
1559,小,女,175.9358284
1560,小,女,124.5780132
1561,小,女,105.1875892
1562,小,女,138.7961804
1563,小,女,206.3869
1564,小,女,123.0326109
1565,小,女,118.625504
1566,小,女,115.5170306
1567,小,女,121.8567454
1568,小,女,82.50053295
1569,小,女,165.5896715
1570,小,女,204.2928582
1571,小,女,134.1596816
1572,小,女,29.22178486
1573,小,女,146.8918342
1574,小,女,162.0623808
1575,小,女,143.3093389
1576,小,女,55.577534
1577,小,女,156.2864349
1578,小,女,149.7074746
1579,小,女,87.05051183
1580,小,女,183.7632451
1581,小,女,113.9998963
1582,小,女,162.8082284
1583,小,女,205.4593584
1584,小,女,124.1811959
1585,小,女,197.8768252
1586,小,女,115.4222614
1587,小,女,133.4012797
1588,小,女,129.2574916
1589,小,女,133.1818996
1590,小,女,165.2568982
1591,小,女,21.52796461
1592,小,女,94.63489784
1593,小,女,69.74748562
1594,小,女,104.7100813
1595,小,女,139.0912102
1596,小,女,178.45703
1597,小,女,139.8974604
1598,小,女,131.4719039
1599,小,女,134.5921636
1600,小,女,93.14502224
1601,小,女,143.1519148
1602,小,女,208.1600346
1603,小,女,207.7136664
1604,小,女,98.84141003
1605,小,女,179.1805001
1606,小,女,221.2807208
1607,小,女,127.2809407
1608,小,女,81.40789955
1609,小,女,149.2498095
1610,小,女,122.2160221
1611,小,女,204.1992439
1612,小,女,173.144986
1613,小,女,152.2168881
1614,小,女,92.95756185
1615,小,女,179.995878
1616,小,女,156.3816717
1617,小,女,166.3116254
1618,小,女,57.08614931
1619,小,女,192.9158415
1620,小,女,118.1796464
1621,小,女,162.646166
1622,小,女,251.4616193
1623,小,女,156.5829305
1624,小,女,164.0793097
1625,小,女,125.0718257
1626,小,女,127.9988505
1627,小,女,202.2065297
1628,小,女,162.0675773
1629,小,女,115.5682059
1630,小,女,199.143067
1631,小,女,159.2892017
1632,小,女,149.3577185
1633,小,女,118.1487835
1634,小,女,148.3687441
1635,小,女,88.22553718
1636,小,女,242.940738
1637,小,女,193.0964118
1638,小,女,114.6483177
1639,小,女,105.414275
1640,小,女,190.7632764
1641,小,女,210.1293029
1642,小,女,185.3459176
1643,小,女,127.4244341
1644,小,女,154.8633512
1645,小,女,161.1906651
1646,小,女,112.275118
1647,小,女,119.400732
1648,小,女,154.236409
1649,小,女,148.2344323
1650,小,女,108.5802713
1651,小,女,82.88708327
1652,小,女,48.61307666
1653,小,女,153.7041307
1654,小,女,143.9292278
1655,小,女,140.7175908
1656,小,女,108.5028017
1657,小,女,67.02915823
1658,小,女,166.4169225
1659,小,女,146.3239072
1660,小,女,105.6455632
1661,小,女,83.28930934
1662,小,女,104.2662683
1663,小,女,167.9443004
1664,小,女,151.5809564
1665,小,女,196.4990758
1666,小,女,227.9442394
1667,小,女,127.1639213
1668,小,女,143.6450371
1669,小,女,219.8434993
1670,小,女,199.936279
1671,小,女,146.9306381
1672,小,女,110.509107
1673,小,女,156.913136
1674,小,女,80.47406735
1675,小,女,127.5831937
1676,小,女,161.9236452
1677,小,女,146.6457918
1678,小,女,204.7045542
1679,小,女,109.1496105
1680,小,女,85.97224189
1681,小,女,151.1455438
1682,小,女,148.5609306
1683,小,女,152.327388
1684,小,女,129.2048951
1685,小,女,219.6039258
1686,小,女,159.4128151
1687,小,女,148.4994805
1688,小,女,150.6198535
1689,小,女,163.364936
1690,小,女,37.92065769
1691,小,女,124.7497945
1692,小,女,108.7292303
1693,小,女,150.9579128
1694,小,女,157.1700988
1695,小,女,138.5485067
1696,小,女,87.41074266
1697,小,女,111.8944925
1698,小,女,75.42405872
1699,小,女,301.9365695
1700,小,女,76.66872587
1701,小,女,90.66371567
1702,小,女,147.7118724
1703,小,女,94.99570056
1704,小,女,154.3348971
1705,小,女,113.5237205
1706,小,女,168.8291891
1707,小,女,172.3881828
1708,小,女,116.5760866
1709,小,女,124.1470966
1710,小,女,104.2846794
1711,小,女,211.8204771
1712,小,女,132.2585342
1713,小,女,124.0835533
1714,小,女,113.0176644
1715,小,女,126.8662713
1716,小,女,129.0910421
1717,小,女,124.3453324
1718,小,女,182.2726209
1719,小,女,177.1279352
1720,小,女,70.60449609
1721,小,女,126.7610014
1722,小,女,213.4985721
1723,小,女,127.1634747
1724,小,女,119.9325767
1725,小,女,211.7512396
1726,小,女,239.9838064
1727,小,女,165.5944669
1728,小,女,192.6802672
1729,小,女,217.586139
1730,小,女,91.33380746
1731,小,女,95.40819588
1732,小,女,137.3286973
1733,小,女,151.6071351
1734,小,女,147.2312939
1735,小,女,138.1272088
1736,小,女,190.3283705
1737,小,女,91.53016888
1738,小,女,119.9280837
1739,小,女,151.3334507
1740,小,女,94.88168474
1741,小,女,175.2264715
1742,小,女,124.6619382
1743,小,女,223.0898236
1744,小,女,24.25306232
1745,小,女,78.90612667
1746,小,女,192.0209031
1747,小,女,101.3125581
1748,小,女,210.6235353
1749,小,女,163.2822013
1750,小,女,141.2486997
1751,小,女,136.5274736
1752,小,女,128.6539819
1753,小,女,127.973887
1754,小,女,115.4924652
1755,小,女,85.93956966
1756,小,女,148.4942816
1757,小,女,145.8500183
1758,小,女,94.27866236
1759,小,女,106.471668
1760,小,女,91.94609861
1761,小,女,178.8737251
1762,小,女,113.607457
1763,小,女,200.6258094
1764,小,女,101.9462289
1765,小,女,162.7747209
1766,小,女,228.8874151
1767,小,女,89.06313177
1768,小,女,201.2032572
1769,小,女,154.3872092
1770,小,女,179.3558201
1771,小,女,176.1522551
1772,小,女,101.8745733
1773,小,女,131.2992421
1774,小,女,156.8032696
1775,小,女,160.7513705
1776,小,女,152.7393115
1777,小,女,101.9356547
1778,小,女,119.5741474
1779,小,女,184.1044665
1780,小,女,177.6349452
1781,小,女,187.0373803
1782,小,女,166.2499949
1783,小,女,164.783522
1784,小,女,243.1359721
1785,小,女,83.75545698
1786,小,女,172.2667797
1787,小,女,173.1296384
1788,小,女,122.0503837
1789,小,女,123.9292098
1790,小,女,112.9351533
1791,小,女,131.6047702
1792,小,女,128.1030826
1793,小,女,141.1954302
1794,小,女,179.589484
1795,小,女,166.2813696
1796,小,女,142.5113093
1797,小,女,143.7125158
1798,小,女,276.4455171
1799,小,女,90.06530066
1800,中,女,135.4195082
1801,中,女,168.7033425
1802,中,女,191.8435472
1803,中,女,164.8409269
1804,中,女,83.33925688
1805,中,女,173.0130667
1806,中,女,152.0513647
1807,中,女,155.6563265
1808,中,女,164.8603437
1809,中,女,132.459084
1810,中,女,168.5266384
1811,中,女,138.2605668
1812,中,女,137.96493
1813,中,女,69.892657
1814,中,女,131.3640277
1815,中,女,131.4160667
1816,中,女,116.494612
1817,中,女,189.6458604
1818,中,女,178.3440297
1819,中,女,125.6184138
1820,中,女,179.3715645
1821,中,女,111.265626
1822,中,女,167.3837176
1823,中,女,143.2900518
1824,中,女,156.668017
1825,中,女,108.9652284
1826,中,女,112.9743956
1827,中,女,73.46448229
1828,中,女,117.0830585
1829,中,女,127.5538409
1830,中,女,214.5478126
1831,中,女,203.4386846
1832,中,女,149.6946583
1833,中,女,82.90311416
1834,中,女,208.4349736
1835,中,女,151.8542051
1836,中,女,171.9550745
1837,中,女,182.8116969
1838,中,女,78.82159123
1839,中,女,234.4885522
1840,中,女,127.558633
1841,中,女,145.1173726
1842,中,女,164.455377
1843,中,女,152.3810097
1844,中,女,101.8839758
1845,中,女,176.9835703
1846,中,女,167.9013403
1847,中,女,159.2148577
1848,中,女,182.4016216
1849,中,女,113.4996241
1850,中,女,132.755382
1851,中,女,90.55957089
1852,中,女,174.1688918
1853,中,女,190.7481722
1854,中,女,113.7341088
1855,中,女,117.4690756
1856,中,女,129.7568265
1857,中,女,161.6729483
1858,中,女,189.5099624
1859,中,女,168.6953359
1860,中,女,150.081781
1861,中,女,160.7703129
1862,中,女,110.357992
1863,中,女,165.2549136
1864,中,女,155.2322331
1865,中,女,205.1609866
1866,中,女,167.7140171
1867,中,女,154.0185696
1868,中,女,170.3513361
1869,中,女,105.8210599
1870,中,女,97.38861834
1871,中,女,191.2344425
1872,中,女,143.831248
1873,中,女,145.9154009
1874,中,女,193.0847134
1875,中,女,98.20433803
1876,中,女,153.2393742
1877,中,女,68.72745902
1878,中,女,164.1806759
1879,中,女,149.1242705
1880,中,女,180.4474276
1881,中,女,137.2177494
1882,中,女,205.3408058
1883,中,女,78.6471854
1884,中,女,124.2361701
1885,中,女,150.2416432
1886,中,女,131.2805635
1887,中,女,179.9508293
1888,中,女,212.4974589
1889,中,女,135.1152045
1890,中,女,139.091064
1891,中,女,225.7543568
1892,中,女,133.8502841
1893,中,女,144.1366381
1894,中,女,151.0320565
1895,中,女,142.1841177
1896,中,女,121.9190211
1897,中,女,171.9610624
1898,中,女,124.6885765
1899,中,女,124.6753399
1900,中,女,180.359559
1901,中,女,134.6950798
1902,中,女,155.4771269
1903,中,女,192.9343529
1904,中,女,132.9808663
1905,中,女,194.9005723
1906,中,女,144.4455056
1907,中,女,215.5549109
1908,中,女,192.5760158
1909,中,女,140.8008202
1910,中,女,186.6036494
1911,中,女,142.5031697
1912,中,女,148.7339445
1913,中,女,147.5463061
1914,中,女,237.2709117
1915,中,女,156.2996207
1916,中,女,97.56670466
1917,中,女,123.2546473
1918,中,女,149.7690635
1919,中,女,195.7531035
1920,中,女,133.484404
1921,中,女,127.9462124
1922,中,女,144.3524172
1923,中,女,128.0054047
1924,中,女,174.1678241
1925,中,女,160.8091516
1926,中,女,110.146448
1927,中,女,130.9624604
1928,中,女,183.3755369
1929,中,女,151.1538706
1930,中,女,159.1464525
1931,中,女,136.8596671
1932,中,女,153.008733
1933,中,女,126.1025153
1934,中,女,202.6808394
1935,中,女,167.5704686
1936,中,女,178.3862458
1937,中,女,200.7112141
1938,中,女,174.0035751
1939,中,女,123.3369229
1940,中,女,141.7683609
1941,中,女,131.1794434
1942,中,女,143.8602191
1943,中,女,173.3113334
1944,中,女,168.5467334
1945,中,女,129.3494351
1946,中,女,184.2940576
1947,中,女,93.35749696
1948,中,女,101.9994618
1949,中,女,162.9649306
1950,中,女,188.7930644
1951,中,女,106.3113052
1952,中,女,114.7478976
1953,中,女,154.5618449
1954,中,女,110.1508793
1955,中,女,187.2927428
1956,中,女,157.4781153
1957,中,女,144.085772
1958,中,女,156.1918572
1959,中,女,127.279189
1960,中,女,121.7393578
1961,中,女,176.763338
1962,中,女,159.5719303
1963,中,女,169.7949906
1964,中,女,172.3046762
1965,中,女,213.696466
1966,中,女,218.330703
1967,中,女,185.1805573
1968,中,女,166.4884567
1969,中,女,150.8312911
1970,中,女,164.4172452
1971,中,女,191.5112532
1972,中,女,133.9538375
1973,中,女,213.7841313
1974,中,女,192.8333073
1975,中,女,214.4687615
1976,中,女,162.7426065
1977,中,女,123.7889084
1978,中,女,149.6001412
1979,中,女,136.737964
1980,中,女,149.4712853
1981,中,女,137.700279
1982,中,女,169.242892
1983,中,女,192.5727694
1984,中,女,144.8941822
1985,中,女,151.4505896
1986,中,女,127.0416458
1987,中,女,109.8652831
1988,中,女,167.6531804
1989,中,女,138.9719162
1990,中,女,162.0756026
1991,中,女,144.2527115
1992,中,女,192.4431788
1993,中,女,138.6856188
1994,中,女,219.3553135
1995,中,女,100.2477015
1996,中,女,190.1116639
1997,中,女,179.3272093
1998,中,女,186.4273554
1999,中,女,151.0176459
2000,中,女,152.6847526
2001,中,女,180.9128348
2002,中,女,157.3964633
2003,中,女,89.24692713
2004,中,女,146.0750129
2005,中,女,176.208046
2006,中,女,148.8610726
2007,中,女,129.0349262
2008,中,女,136.3462963
2009,中,女,150.7133652
2010,中,女,169.0634241
2011,中,女,169.3429649
2012,中,女,148.6523366
2013,中,女,158.0370605
2014,中,女,138.4923752
2015,中,女,118.901086
2016,中,女,117.1193634
2017,中,女,169.1749304
2018,中,女,153.277877
2019,中,女,166.0914952
2020,中,女,170.8081352
2021,中,女,145.161175
2022,中,女,132.5636349
2023,中,女,142.5532437
2024,中,女,157.9064381
2025,中,女,139.5420845
2026,中,女,179.4884029
2027,中,女,180.890269
2028,中,女,221.0796139
2029,中,女,188.4205767
2030,中,女,216.0711847
2031,中,女,159.5018258
2032,中,女,179.6388329
2033,中,女,140.2472781
2034,中,女,141.0288384
2035,中,女,174.3933813
2036,中,女,153.9487172
2037,中,女,153.4037535
2038,中,女,188.204191
2039,中,女,147.5357964
2040,中,女,132.6831396
2041,中,女,162.9473629
2042,中,女,157.2221262
2043,中,女,152.3393535
2044,中,女,146.3462996
2045,中,女,127.9066382
2046,中,女,164.6291807
2047,中,女,210.9912413
2048,中,女,191.0403127
2049,中,女,182.3280463
2050,中,女,167.0239758
2051,中,女,202.428653
2052,中,女,118.5607495
2053,中,女,145.6568915
2054,中,女,151.995054
2055,中,女,144.5553778
2056,中,女,162.774029
2057,中,女,196.559716
2058,中,女,89.82599679
2059,中,女,120.8503324
2060,中,女,100.244939
2061,中,女,201.6522155
2062,中,女,190.101347
2063,中,女,147.9751799
2064,中,女,104.2437795
2065,中,女,87.78965842
2066,中,女,182.4460274
2067,中,女,158.301901
2068,中,女,141.9487122
2069,中,女,139.9344392
2070,中,女,175.2913312
2071,中,女,139.2167067
2072,中,女,117.9278183
2073,中,女,132.5926807
2074,中,女,125.3934012
2075,中,女,176.0796785
2076,中,女,144.6217282
2077,中,女,130.7505365
2078,中,女,159.0423126
2079,中,女,175.037875
2080,中,女,181.9191977
2081,中,女,159.0175744
2082,中,女,58.28481208
2083,中,女,78.10677742
2084,中,女,183.33808
2085,中,女,180.3195803
2086,中,女,124.7680671
2087,中,女,150.0586157
2088,中,女,94.10058454
2089,中,女,134.5342744
2090,中,女,122.4166033
2091,中,女,109.0987618
2092,中,女,155.5983123
2093,中,女,126.4006717
2094,中,女,164.2449263
2095,中,女,135.5390158
2096,中,女,201.2552963
2097,中,女,174.558662
2098,中,女,163.8004757
2099,中,女,128.4340086
2100,高,女,102.3194455
2101,高,女,154.806151
2102,高,女,182.9319853
2103,高,女,115.070921
2104,高,女,129.5033663
2105,高,女,186.7664992
2106,高,女,148.3563268
2107,高,女,160.2720802
2108,高,女,130.9060583
2109,高,女,127.5736872
2110,高,女,123.4057041
2111,高,女,146.1571583
2112,高,女,156.2014047
2113,高,女,126.8122742
2114,高,女,134.9295648
2115,高,女,130.3344388
2116,高,女,196.4644339
2117,高,女,159.3055832
2118,高,女,191.8500679
2119,高,女,162.6054869
2120,高,女,175.3068919
2121,高,女,159.92631
2122,高,女,160.8232038
2123,高,女,144.5317234
2124,高,女,135.6494304
2125,高,女,135.9278857
2126,高,女,141.6482676
2127,高,女,149.9091978
2128,高,女,193.4440812
2129,高,女,165.075651
2130,高,女,165.5687031
2131,高,女,137.8909526
2132,高,女,176.4594226
2133,高,女,179.9310515
2134,高,女,130.4510423
2135,高,女,185.3673727
2136,高,女,145.0488482
2137,高,女,120.5700432
2138,高,女,91.36536917
2139,高,女,192.2320151
2140,高,女,192.1495591
2141,高,女,187.2142242
2142,高,女,170.9050396
2143,高,女,137.9274779
2144,高,女,144.0606184
2145,高,女,171.2112307
2146,高,女,153.3669348
2147,高,女,192.3222381
2148,高,女,117.7786782
2149,高,女,165.1868859
2150,高,女,162.2474288
2151,高,女,108.7315727
2152,高,女,189.4855445
2153,高,女,189.8748189
2154,高,女,189.3505985
2155,高,女,99.41648746
2156,高,女,140.3582353
2157,高,女,154.8337278
2158,高,女,144.9075543
2159,高,女,221.2971684
2160,高,女,148.3100352
2161,高,女,157.460734
2162,高,女,182.3543901
2163,高,女,159.2830993
2164,高,女,173.0772468
2165,高,女,129.5669219
2166,高,女,178.4905047
2167,高,女,82.96587985
2168,高,女,188.7791099
2169,高,女,181.3913799
2170,高,女,105.3005483
2171,高,女,70.83431613
2172,高,女,151.4976678
2173,高,女,176.2897361
2174,高,女,165.5126232
2175,高,女,180.0445363
2176,高,女,198.0136984
2177,高,女,209.0754537
2178,高,女,188.5685046
2179,高,女,164.5135828
2180,高,女,122.7174841
2181,高,女,118.7903616
2182,高,女,131.0158999
2183,高,女,173.9332142
2184,高,女,159.1223065
2185,高,女,164.642537
2186,高,女,179.9881915
2187,高,女,185.0895946
2188,高,女,147.1643935
2189,高,女,193.1684954
2190,高,女,145.6180355
2191,高,女,184.0603235
2192,高,女,146.803394
2193,高,女,166.5566808
2194,高,女,126.2838008
2195,高,女,135.3773468
2196,高,女,137.5398027
2197,高,女,153.7147679
2198,高,女,138.5835894
2199,高,女,180.8573514
2200,高,女,145.2005044
2201,高,女,127.5295294
2202,高,女,170.3799329
2203,高,女,171.8702589
2204,高,女,96.55475265
2205,高,女,207.4385647
2206,高,女,145.5232208
2207,高,女,160.451397
2208,高,女,148.6108345
2209,高,女,181.6622983
2210,高,女,150.8777043
2211,高,女,187.6587879
2212,高,女,123.0174696
2213,高,女,123.6188077
2214,高,女,118.2622275
2215,高,女,214.5155593
2216,高,女,139.9202715
2217,高,女,105.8439617
2218,高,女,151.5307711
2219,高,女,176.8465496
2220,高,女,150.3771191
2221,高,女,205.7221232
2222,高,女,154.6318325
2223,高,女,141.9853594
2224,高,女,155.2605924
2225,高,女,60.59213267
2226,高,女,189.3870673
2227,高,女,103.4650693
2228,高,女,152.9265183
2229,高,女,179.537454
2230,高,女,194.5827317
2231,高,女,142.9824123
2232,高,女,215.4569961
2233,高,女,126.4834742
2234,高,女,159.0102531
2235,高,女,176.5627145
2236,高,女,175.5381299
2237,高,女,123.7498087
2238,高,女,263.9792401
2239,高,女,169.7809687
2240,高,女,153.0820425
2241,高,女,151.4532812
2242,高,女,179.1442409
2243,高,女,162.8500368
2244,高,女,205.6240358
2245,高,女,139.9430374
2246,高,女,156.108318
2247,高,女,127.3491887
2248,高,女,167.1995682
2249,高,女,224.3059939
2250,高,女,110.8231543
2251,高,女,181.856236
2252,高,女,168.7653614
2253,高,女,182.3969455
2254,高,女,162.9261152
2255,高,女,147.7623769
2256,高,女,108.03949
2257,高,女,135.6522488
2258,高,女,197.8603546
2259,高,女,135.90054
2260,高,女,183.0851836
2261,高,女,163.7067677
2262,高,女,181.3721638
2263,高,女,172.3663097
2264,高,女,135.8188467
2265,高,女,113.9660531
2266,高,女,161.5610824
2267,高,女,146.5365854
2268,高,女,163.8404651
2269,高,女,193.3439225
2270,高,女,145.4758911
2271,高,女,152.8558782
2272,高,女,113.5155832
2273,高,女,137.0155082
2274,高,女,154.1103534
2275,高,女,163.5932232
2276,高,女,196.7184629
2277,高,女,179.7701865
2278,高,女,164.9277279
2279,高,女,156.7657383
2280,高,女,139.7844217
2281,高,女,176.2703971
2282,高,女,157.0484651
2283,高,女,143.1783294
2284,高,女,90.7778597
2285,高,女,175.2284604
2286,高,女,168.9830231
2287,高,女,125.8436487
2288,高,女,167.1141281
2289,高,女,164.673091
2290,高,女,177.4599621
2291,高,女,94.22112874
2292,高,女,189.427772
2293,高,女,134.6399406
2294,高,女,161.8230008
2295,高,女,166.2294979
2296,高,女,191.9895911
2297,高,女,188.1448559
2298,高,女,172.5330401
2299,高,女,191.5879959
2300,高,女,182.1269764
2301,高,女,144.079094
2302,高,女,165.1218286
2303,高,女,184.8743251
2304,高,女,108.4165853
2305,高,女,151.5253991
2306,高,女,211.8755966
2307,高,女,140.0517717
2308,高,女,106.505607
2309,高,女,169.3144063
2310,高,女,182.3562212
2311,高,女,183.3399378
2312,高,女,158.2762438
2313,高,女,205.1485905
2314,高,女,144.4469606
2315,高,女,115.5402097
2316,高,女,124.4179076
2317,高,女,142.0567122
2318,高,女,207.6793136
2319,高,女,121.0114771
2320,高,女,169.4466535
2321,高,女,132.0454489
2322,高,女,186.3902764
2323,高,女,175.035335
2324,高,女,93.50486181
2325,高,女,158.1960522
2326,高,女,180.0575291
2327,高,女,137.85644
2328,高,女,101.721279
2329,高,女,156.079687
2330,高,女,104.0026633
2331,高,女,186.0146134
2332,高,女,211.1771162
2333,高,女,190.7462545
2334,高,女,156.5443166
2335,高,女,158.9999122
2336,高,女,147.3303275
2337,高,女,138.89016
2338,高,女,154.0710424
2339,高,女,139.5513129
2340,高,女,165.8013743
2341,高,女,178.3964285
2342,高,女,179.2900707
2343,高,女,145.7202708
2344,高,女,123.7122601
2345,高,女,162.1516005
2346,高,女,156.9577511
2347,高,女,133.2177164
2348,高,女,108.8456953
2349,高,女,110.480849
2350,高,女,196.1408945
2351,高,女,109.2197129
2352,高,女,148.7449722
2353,高,女,134.0183863
2354,高,女,166.7900159
2355,高,女,149.429492
2356,高,女,161.6564718
2357,高,女,117.138116
2358,高,女,158.39608
2359,高,女,192.1984846
2360,高,女,135.3883703
2361,高,女,117.8113699
2362,高,女,163.1432681
2363,高,女,189.8031464
2364,高,女,162.0041683
2365,高,女,122.9845387
2366,高,女,135.2847398
2367,高,女,134.8146704
2368,高,女,218.3374502
2369,高,女,165.9897509
2370,高,女,109.1116733
2371,高,女,212.9110107
2372,高,女,182.6178884
2373,高,女,176.8381023
2374,高,女,157.8124715
2375,高,女,136.8099934
2376,高,女,228.7623504
2377,高,女,147.0374674
2378,高,女,203.0911235
2379,高,女,156.6762668
2380,高,女,112.6136473
2381,高,女,118.9193601
2382,高,女,120.9651974
2383,高,女,197.9953229
2384,高,女,160.2517563
2385,高,女,133.597554
2386,高,女,139.1923374
2387,高,女,133.989214
2388,高,女,170.4555407
2389,高,女,167.6587489
2390,高,女,193.4672294
2391,高,女,185.9231769
2392,高,女,139.5627512
2393,高,女,183.3124429
2394,高,女,204.6630969
2395,高,女,143.9923935
2396,高,女,195.5171537
2397,高,女,135.8299846
2398,高,女,142.0432114
2399,高,女,206.7598049